,dataset_name,n_components,avg_kurtosis
0,bank_marketing,1,302.84730881392437
1,bank_marketing,13,519.4870231379799
2,bank_marketing,26,284.710375266641
3,bank_marketing,39,239.91217156088888
4,bank_marketing,52,151.8185935452143
5,real_waste,1,3.2827268967088217
6,real_waste,1025,859.6319420701544
7,real_waste,2049,1683.0105694548297
8,real_waste,3073,2606.8150986100723
9,real_waste,4097,3796.3224185070444
